feature,psi
avg_price,0.0
orders,0.0007017132940864173
delivery_share,0.0003249852698740946
week,5.0399082176879375
month,5.796493063140266
quarter,5.5477463234529365
year,8.11522334016412
week_index,6.901046570601987
lag_1,0.000406512514768194
lag_2,0.00011557100823291538
lag_4,0.0002642284959906399
lag_8,0.0033189937092840158
rolling_mean_4,0.005947744096685248
rolling_mean_8,0.026313301742998795
rolling_std_4,0.002293773183590584
